Company Name,Website URL,Contact Number,Email Address,Industry/Category,Company Description
Digital Marketing Resources | WebFX,https://www.webfx.com/digital-marketing/,8886015359,Not Available,Digital Marketing Agencies,Learn everything you need to know about digital marketing with our beginner's guide to online marketing and our free digital marketing resources.
Digital Marketing Budget Management 101 | Thrive Agency,https://www.thriveagency.com/digital-marketing/,1-866-908-4748,Not Available,Digital Marketing Agencies,Are you guilty of overspending on digital marketing? Here’s how to manage your marketing budget effectively while getting the most out of your investment.
Digital Marketing Agency Atlanta - LYFE Marketing,https://www.lyfemarketing.com/digital-marketing/,404-596-7925,Not Available,Digital Marketing Agencies,LYFE Marketing is the #1 Digital Marketing Agency Atlanta. Start increasing your ROI and growing your business via digital marketing today!
"Agency Expertise in Business Strategy, Marketing and Sales",https://www.smartbugmedia.com/inbound-marketing-agency,Not Available,Not Available,Digital Marketing Agencies,"Discover how SmartBug is able to help companies grow through marketing strategy, sales enablement, PR and web development. Request a consultation."
SEO.com - The Authority for All Things SEO,https://www.seo.com,Contact Us,Not Available,Digital Marketing Agencies,"Everything you need to rank your website better. Services, tools, and resources to get you higher in the search results."
Welcome Vivial Users | Thryv Business Software,https://www.vivial.net,18887339482,"Copyright @ 2024 Thryv, Inc.",Digital Marketing Agencies,Vivial is now part of Thryv. Explore end-to-end client experience software for growing small businesses. Upgrade now for first month free!
Web Design & Development Agency in New York / NYC | Big Drop,https://www.bigdropinc.com,2122443767,Not Available,Digital Marketing Agencies,Big Drop is an innovative digital marketing & web design & development company in NYC. Creating responsive websites & marketing campaigns that drive traffic
Digital Marketing Agency Focused on AI Innovation | Single Grain,https://www.singlegrain.com,+193% Increase in Monthly Sign Ups,contact@singlegrain.com,Digital Marketing Agencies,Experience growth with our marketing agency. Request a free plan from experts who've elevated brands like Amazon and Uber.
"#1 Home Services Marketing Agency | SEO, PPC, Web Design",https://www.bluecorona.com,(800) 696-4690,Not Available,Digital Marketing Agencies,"Grow your business with Blue Corona, a home services marketing agency dedicated to growing the trades. Schedule a free marketing consultation today!"
Award-Winning Digital Marketing | Internet Marketing Agency,https://www.disruptiveadvertising.com,(877) 956-7510,Not Available,Digital Marketing Agencies,Want a marketing strategy that will drive impact for your business? Our full service digital marketing agency is here to improve every part of your marketing efforts.
Tubik,https://www.tubikstudio.com,Not Available,mail@tubikstudio.com?subject=Project%20with%20tubik,Digital Marketing Agencies,"tubik is a digital agency creating designs that help businesses sell and communicate better. We make websites, mobile applications, identity design, marketing graphics, and animation."
Ignite Visibility® Leaders In Expert Digital Marketing Services,https://www.ignitevisibility.com,619.752.1955,Not Available,Digital Marketing Agencies,"Industry Leading Digital Marketing Agency. 110 Employees, 160 Clients, 5x Inc. 5,000 Company. Built On A PASSION For Digital. Welcome To Ignite."
SEO Company Malaysia | SEO Marketing Service | Free SEO Consultation,https://www.cleverus.com,Contact Us,Not Available,Digital Marketing Agencies,Cleverus is an Awards Winning SEO Expert Agency with Proven SEO Results for Malaysia's Top Brands. Performance Guaranteed at a competitive price. Get a Free SEO Audit Now!
BrightEdge - Enterprise SEO Platform | Content Marketing Solution,https://www.brightedge.com,Contact Us,Not Available,Digital Marketing Agencies,"BrightEdge is the leading SEO solution and content performance marketing platform, helping more than 1,700 customers generate more organic traffic. BrightEdge is based in San Mateo, CA with offices in New York, Seattle, Chicago, Cleveland, Tokyo, Sydney, and London. Contact us for an SEO demo today."
Home - Lytics Customer Data Platform (CDP),https://www.lytics.com,Contact sales,Not Available,Digital Marketing Agencies,Lytics is the first secure and flexible composable customer data platform (CDP) built for enterprises' marketing and ad technology stacks.
Silverback Strategies | Digital Performance Marketing Agency,https://www.silverbackstrategies.com,Contact Us,info@silverbackstrategies.com,Digital Marketing Agencies,"Silverback Strategies is a premier digital performance marketing agency, specializing in data-driven paid search, SEO & content marketing strategies."
FATJOE. The Smarter Way To Get SEO Done.,https://www.fatjoedigital.com,Contact Us,Not Available,Digital Marketing Agencies,"All your SEO deliverables. One platform. White label SEO, links, digital PR, and content services with superfast delivery designed for resellers."
We Give Brands a Platform to Perform - Jellyfish,https://www.jellyfish.com,Not Available,Not Available,Digital Marketing Agencies,"We’re a marketing company for the digital world where success demands a creative, multi-platform mindset. Find out how we help brands shape the future."
The original real-time website analytics â GoSquared,https://www.gosquared.com,"ð± Numerics integration Get GoSquared on your iPhone, iPad, Apple Watch, and Mac with Numerics.",support@gosquared.com,Digital Marketing Agencies,"Web Analytics by GoSquared - intuitive, accurate, privacy-focused website analytics."
"Strategy, Creative & Digital Agency - Marlin Communications",https://www.marlincommunications.com,+61296989111,Not Available,Digital Marketing Agencies,"We exist to help charities, nonprofits, and social enterprises change the world through strategic and creative-led invention. Creative Digital"
Nebo: A Human-Centered Agency Built for the Digital Age,https://www.neboagency.com,+18009086326,Not Available,Digital Marketing Agencies,"Nebo is a full-service agency headquartered in Atlanta, GA. We believe great work comes from a deep understanding of the needs, wants and desires of your audience. Discover more about Nebo and our human-centered philosophy."
Home - Vayeca,https://www.vayeca.com,Not Available,info@vayeca.com,Digital Marketing Agencies,"Empodera una mentalidad creativa aplicando la metodología de Design 
Thinking en tu negocio"
Homepage - RUMOR Advertising,https://www.rumoradvertising.com,801-355-5510,hello@rumoradvertising.com,Digital Marketing Agencies,"Delivering strategy, creative design, and targeted marketing to move your brand forward. We are RUMOR, a full-service creative agency with 25+ years specializing in design, development, and strategic marketing.Our services include branding, web development, digital & traditional marketing, video production, retail design, and much more.We are a team of handpicked designers, developers, and strategists focused"
Home - new - The Agency Inc.,https://www.theagencyinc.com,Contact,Not Available,Digital Marketing Agencies,
N/A,https://www.brewerpr.com,Not Available,Not Available,Digital Marketing Agencies,N/A
Jeff Bullas | Win At Business And Life In An AI World,https://www.jeffbullas.com,Contact,Not Available,Digital Marketing Agencies,N/A
N/A,https://www.expeditionco.com,Not Available,Not Available,Digital Marketing Agencies,N/A
Fill Your Pipeline Using LinkedIn for Account Prospecting,https://www.propelgrowth.com,Contact,Not Available,Digital Marketing Agencies,Enroll in our LinkedIn Prospecting Accelerator for sales professionals who need to get pipeline results quickly.
,https://www.barnraiser.com,Not Available,Not Available,Digital Marketing Agencies,N/A
N/A,https://www.qoof.com,Not Available,Not Available,Digital Marketing Agencies,N/A
"Leading SEO Agency, Toronto and North America Wide | SEP",https://www.searchenginepeople.com,877-695-7388,Not Available,Digital Marketing Agencies,"Maximize ROI. Generate more leads, conversions and sales with Canada's leading SEO Agency. Get a Quote Today!"
The Last Local SEO Guy You’ll Ever Need | Phil Rozek | Local Visibility System,https://www.localvisibilitysystem.com,Contact,Follow @philrozek,Digital Marketing Agencies,"Get local SEO help from Phil Rozek, an internationally recognized go-to guy on local search challenges who specializes in helping small businesses."
Rocket Media: Expert Marketing for Home Services,https://www.rocketmedia.com,8003397305,Not Available,Digital Marketing Agencies,"Rocket Media specializes in marketing for HVAC, Plumbing, Electrical, Solar, and Security services. With 20+ years of experience, we offer strategy, advertising, development, and proactive account management. Call (800) 339-7305 to start the conversation."
Unmetric | Brandwatch |  Brandwatch,https://www.unmetric.com,Contact Us,Not Available,Digital Marketing Agencies,Unmetric is now Brandwatch Benchmark. Welcome to the social suite of the future.
Moz - SEO Software for Smarter Marketing,https://www.moz.com,Contact,Not Available,Digital Marketing Agencies,"Backed by the largest community of SEOs on the planet, Moz builds the tools that make SEO, content marketing, market research, digital PR, and local SEO easy. Start your free 30-day trial today!"
The integrated data platform for teams that run on data,https://www.adverity.com,Not Available,Not Available,Digital Marketing Agencies,"Adverity is the fully-integrated data platform for businesses to easily automate the connectivity, transformation, and governance of data at scale."
Breakthrough for Brands | EssenceMediacom,https://www.mediacom.com,Contact us,Not Available,Digital Marketing Agencies,We are a new type of agency creating breakthrough for brands in the new communications economy.
